1_45015501_G_T	MIM176100_V1	UROD
1_90916206_C_T	MIM614167_V1	ZNF644
1_90916786_G_C	MIM614167_V2	ZNF644
1_171652619_G_A	MIM137750_V1	MYOC
1_171652737_A_C	MIM137750_V2	MYOC
1_209816133_C_CA	MIM119300_V1	IRF6
2_69326167_G_T	MIM610542_V1	GFPT1
2_218660148_A_G	MIM124000_V1	BCS1L
2_233760205_T_TCAT	MIM606785_V1	UGT1A1
3_49171662_C_T	MIM236000_V1	KLHDC8B
5_63962198_CT_C	MIM614674_V1	HTR1A
7_81755198_CTTTCATCATC_C	MIM608265_V1	HGF
7_81755200_TTCA_T	MIM608265_V2	HGF
8_11474238_G_T	MIM613375_V2	BLK
8_11564613_G_T	MIM613375_V1	BLK
8_22130605_T_C	MIM146550_V1	HR
8_22130606_A_G	MIM146550_V2	HR
8_22130627_C_G	MIM146550_V3	HR
8_22130633_C_T	MIM146550_V4	HR
8_22130635_G_A	MIM146550_V5	HR
8_22130636_G_C	MIM146550_V6	HR
8_22130638_A_T	MIM146550_V7	HR
8_22130689_G_T	MIM146550_V8	HR
8_22130702_G_A	MIM146550_V9	HR
8_22130706_C_T	MIM146550_V10	HR
8_22130707_A_T	MIM146550_V11	HR
8_22130707_A_G	MIM146550_V12	HR
8_22130708_T_C	MIM146550_V13	HR
9_37422746_TGC_TAT	MIM260000_V1	GRHPR
9_113275629_TTGTCAGTGACGCACTTCC_T	MIM615922_V1	PRPF4
10_69278711_G_A	MIM605285_V1	HK1
11_67482888_CCG_CAA	MIM102200_V1	AIP
12_14977984_G_C	MIM610024_V1	PDE6H
13_28659088_TC_T	MIM601952_V1	POMP
13_99986260_T_A	MIM609637_V1	ZIC2
13_99986571_T_C	MIM609637_V2	ZIC2
13_99986636_T_A	MIM609637_V3	ZIC2
13_99986648_A_G	MIM609637_V4	ZIC2
19_44945961_A_G	MIM207750_V1	APOC2
20_2470762_G_T	MIM117650_V1	SNRPB
21_25881337_AAT_A	MIM605714_V1	APP
X_50069446_G_A	MIM300009_V1	CLCN5
X_55028202_A_G	MIM300751_V1	ALAS2
X_103776965_C_T	MIM312080_V1	PLP1
X_124346334_C_T	MIM308240_V1	SH2D1A
