chr22	38412215	.	G	A	99	PASS	.	chr22	38411380	38418185	1839135_enh	enhancer	SegWey,HACER	1	3	0.815269289740679	0.06	POLR2F	0	POLR2F	0	AL031587.1	12050	SOX10	27952	MAFF,PICK1,POLR2F,SOX10	4
chr22	38412215	.	G	A	99	PASS	.	chr22	38412200	38413200	1640781_enh	enhancer	ENCODE_CREs,DECRES	1	1	0.564363057407557	1.18	POLR2F	0	POLR2F	0	AL031587.1	17035	SOX10	28772		0
chr22	38412323	.	C	T	99	PASS	.	chr22	38411380	38418185	1839135_enh	enhancer	SegWey,HACER	1	3	0.815269289740679	0.06	POLR2F	0	POLR2F	0	AL031587.1	12050	SOX10	27952	MAFF,PICK1,POLR2F,SOX10	4
chr22	38412323	.	C	T	99	PASS	.	chr22	38412200	38413200	1640781_enh	enhancer	ENCODE_CREs,DECRES	1	1	0.564363057407557	1.18	POLR2F	0	POLR2F	0	AL031587.1	17035	SOX10	28772		0
chr22	38412402	.	C	T	99	PASS	.	chr22	38411380	38418185	1839135_enh	enhancer	SegWey,HACER	1	3	0.815269289740679	0.06	POLR2F	0	POLR2F	0	AL031587.1	12050	SOX10	27952	MAFF,PICK1,POLR2F,SOX10	4
chr22	38412402	.	C	T	99	PASS	.	chr22	38412200	38413200	1640781_enh	enhancer	ENCODE_CREs,DECRES	1	1	0.564363057407557	1.18	POLR2F	0	POLR2F	0	AL031587.1	17035	SOX10	28772		0
chr22	38412423	.	C	T	99	PASS	.	chr22	38411380	38418185	1839135_enh	enhancer	SegWey,HACER	1	3	0.815269289740679	0.06	POLR2F	0	POLR2F	0	AL031587.1	12050	SOX10	27952	MAFF,PICK1,POLR2F,SOX10	4
chr22	38412423	.	C	T	99	PASS	.	chr22	38412200	38413200	1640781_enh	enhancer	ENCODE_CREs,DECRES	1	1	0.564363057407557	1.18	POLR2F	0	POLR2F	0	AL031587.1	17035	SOX10	28772		0
chr22	38412781	.	G	C	99	PASS	.	chr22	38411380	38418185	1839135_enh	enhancer	SegWey,HACER	1	3	0.815269289740679	0.06	POLR2F	0	POLR2F	0	AL031587.1	12050	SOX10	27952	MAFF,PICK1,POLR2F,SOX10	4
chr22	38412781	.	G	C	99	PASS	.	chr22	38412200	38413200	1640781_enh	enhancer	ENCODE_CREs,DECRES	1	1	0.564363057407557	1.18	POLR2F	0	POLR2F	0	AL031587.1	17035	SOX10	28772		0
